Year,GeoAreaName,Value
2018,Estonia,87.5
2018,Finland,80.0
2018,Georgia,100.0
2018,Ireland,50.0
2018,Italy,14.28571
2018,Kazakhstan,85.18519
2018,Latvia,100.0
2018,Poland,60.0
2018,Portugal,85.71429
2018,Romania,100.0
2018,Slovenia,0.0
2018,Spain,72.72727
2018,Sweden,69.23077
2018,Türkiye,16.66667
2018,Ukraine,63.63636
2018,Albania,14.28571
2018,Belgium,84.61538
2018,Bulgaria,16.66667
2018,Croatia,20.0
2018,Cyprus,87.5
