{"data":{"Year":[2013,2014,2015,2016,2017,2018,2019,2020,2021,2013,2014,2015,2016,2017,2013,2013,2014,2015,2016,2017,2017,2020,2021,2013,2014,2015,2016,2017,2018,2019,2020,2021,2017,2013,2014,2015,2016,2017,2013,2014,2015,2016,2017,2013,2015,2017,2013,2014,2015,2016,2017,2014,2015,2016,2016,2017,2013,2014,2015,2016,2017,2018,2019,2020,2020],"GeoAreaName":["Belgium","Belgium","Belgium","Belgium","Belgium","Belgium","Belgium","Belgium","Belgium","Bulgaria","Bulgaria","Bulgaria","Bulgaria","Bulgaria","Croatia","Finland","Finland","Finland","Finland","Finland","France","France","France","Germany","Germany","Germany","Germany","Germany","Germany","Germany","Germany","Germany","Ireland","Italy","Italy","Italy","Italy","Italy","Netherlands","Netherlands","Netherlands","Netherlands","Netherlands","Norway","Norway","Norway","Poland","Poland","Poland","Poland","Poland","Portugal","Portugal","Portugal","Spain","Spain","T\u00fcrkiye","T\u00fcrkiye","T\u00fcrkiye","T\u00fcrkiye","T\u00fcrkiye","T\u00fcrkiye","T\u00fcrkiye","T\u00fcrkiye","T\u00fcrkiye"],"Value":[0.37339,0.35534,0.29857,0.28028,0.26589,0.039,0.122,0.136,0.121,0.0869,0.06631,0.04895,0.05712,0.06366,2.92606,0.31524,0.33874,0.30814,0.31978,0.31646,0.52954,0.56,0.579,0.3217,0.30502,0.24607,0.25098,0.24542,0.273,0.247,0.282,0.338,4.80811,0.36694,0.35486,0.30667,0.30592,0.194,0.24938,0.2361,0.20488,0.21217,0.23503,6.98989,5.60533,5.35469,0.17224,0.18258,0.12176,0.1196,0.11541,2.20526,2.50724,2.39374,0.49478,0.45241,0.07806,0.08081,0.05074,0.04463,0.03682,0.905,1.226,0.997,0.997]},"edges":[]}