{"data":{"Year":[2016,2018,2016,2018,2016,2018,2016,2018,2016,2018,2016,2018,2016,2018,2016,2018,2016,2018,2016,2018,2016,2018,2016,2018,2016,2018,2016,2018,2016,2016,2016,2018,2016,2018,2016,2018,2016,2018,2016,2016],"GeoAreaName":["Austria","Austria","Belgium","Belgium","Czechia","Czechia","Denmark","Denmark","Finland","Finland","France","France","Germany","Germany","Iceland","Iceland","Ireland","Ireland","Italy","Italy","Luxembourg","Luxembourg","Netherlands","Netherlands","Norway","Norway","Portugal","Portugal","Romania","Slovakia","Slovenia","Slovenia","Spain","Spain","Sweden","Sweden","Switzerland","Switzerland","T\u00fcrkiye","T\u00fcrkiye"],"Value":[100.0,50.0,91.3,40.0,100.0,72.22222,78.3,80.0,88.9,100.0,90.3,86.81319,82.7,92.39766,100.0,100.0,90.9,64.10257,83.3,93.84615,100.0,72.22222,73.5,63.82979,69.6,72.0,100.0,90.90909,100.0,100.0,100.0,50.0,96.6,91.30435,81.8,65.21739,72.3,73.21429,0.0,0.0]},"edges":[]}