{"data":{"Year":[2018,2019,2020,2021,2018,2019,2020,2021,2018,2019,2020,2021,2018,2019,2020,2021,2018,2019,2020,2021,2018,2019,2020,2021,2018,2019,2020,2021,2018,2019,2020,2021,2018,2019,2020,2021,2018,2019,2020,2021,2018,2019,2020,2021,2018,2019,2020,2021,2018,2019,2020,2021,2018,2019,2020,2021,2018,2019,2020,2021,2018,2019,2020,2021,2018,2019,2020,2021,2018,2019,2020,2021,2018,2019,2020,2021,2018,2019,2020,2021,2018,2019,2020,2021,2018,2019,2020,2021,2021],"GeoAreaName":["Austria","Austria","Austria","Austria","Belgium","Belgium","Belgium","Belgium","Czechia","Czechia","Czechia","Czechia","Denmark","Denmark","Denmark","Denmark","Finland","Finland","Finland","Finland","France","France","France","France","Germany","Germany","Germany","Germany","Greece","Greece","Greece","Greece","Hungary","Hungary","Hungary","Hungary","Iceland","Iceland","Iceland","Iceland","Ireland","Ireland","Ireland","Ireland","Italy","Italy","Italy","Italy","Luxembourg","Luxembourg","Luxembourg","Luxembourg","Netherlands","Netherlands","Netherlands","Netherlands","Norway","Norway","Norway","Norway","Poland","Poland","Poland","Poland","Portugal","Portugal","Portugal","Portugal","Slovakia","Slovakia","Slovakia","Slovakia","Slovenia","Slovenia","Slovenia","Slovenia","Spain","Spain","Spain","Spain","Sweden","Sweden","Sweden","Sweden","Switzerland","Switzerland","Switzerland","Switzerland","Switzerland"],"Value":[1172.56102,1280.58219,1273.35,1384.63839,2300.35314,2242.15912,2343.58,2397.80188,310.03101,318.88298,299.14,322.51901,2576.34172,2663.47763,2651.54,2724.46391,976.40387,1165.7374,1278.17,1347.29693,12168.25818,12745.58535,14124.7,14774.52841,25004.07122,25024.03208,28680.13,30143.48719,278.78634,371.22582,325.44,247.69126,277.86835,312.3757,417.88,417.52772,64.067,57.42598,57.9,64.67636,926.97435,978.40173,987.79,1133.50009,5115.95478,4543.25443,4248.38,5714.09822,479.26966,500.49048,452.34,496.35079,5758.20003,5510.2408,5358.94,4975.432,3530.00499,3872.41347,4195.69,3707.81856,762.16778,796.01064,829.25,907.46295,412.06975,425.97513,412.99,429.54077,139.54468,120.64604,141.2,142.06897,83.41979,90.41472,90.73,107.99526,2858.44905,3029.58159,2987.04,3360.60823,5896.58188,5427.91749,6348.62,5354.93292,3208.22414,3262.38695,3562.86,3776.23978,3776.23978]},"edges":[]}