{"Year":[2021,2022,2023,2021,2022,2023,2021,2022,2023,2021,2022,2023,2021,2023,2021,2022,2023,2021,2022,2023,2021,2022,2023,2021,2022,2023,2021,2022,2023,2021,2022,2023,2021,2022,2023,2021,2022,2023,2021,2022,2023,2021,2022,2023,2021,2022,2023,2021,2022,2023,2022,2023,2021,2022,2023,2023],"GeoAreaName":["Austria","Austria","Austria","Belgium","Belgium","Belgium","Bosnia and Herzegovina","Bosnia and Herzegovina","Bosnia and Herzegovina","Belarus","Belarus","Belarus","Czechia","Czechia","France","France","France","Germany","Germany","Germany","Ireland","Ireland","Ireland","Italy","Italy","Italy","Kazakhstan","Kazakhstan","Kazakhstan","Netherlands","Netherlands","Netherlands","Poland","Poland","Poland","Romania","Romania","Romania","Slovenia","Slovenia","Slovenia","Spain","Spain","Spain","Switzerland","Switzerland","Switzerland","Tajikistan","Tajikistan","Tajikistan","Turkmenistan","Turkmenistan","Uzbekistan","Uzbekistan","Uzbekistan","Uzbekistan"],"Value":[0.83279,0.80076,0.79983,0.88349,0.94894,0.88133,0.38819,0.38819,0.39081,0.44825,0.44825,0.44548,0.28261,0.35296,0.66052,0.66598,0.66468,0.71008,0.66247,0.79452,0.78492,0.76497,0.76365,0.64909,0.6609,0.65147,0.34705,0.34705,0.34202,0.76512,0.6332,0.63153,0.45489,0.45489,0.45324,0.34621,0.34621,0.34528,0.19777,0.19777,0.35015,0.79351,0.76412,0.76175,0.51413,0.55697,0.5693,0.44044,0.50336,0.50452,0.48515,0.48435,0.44901,0.44901,0.47747,0.47747]}