{"Year":[2016,2018,2018,2016,2018,2018,2016,2018,2018,2016,2018,2016,2016,2018,2018,2016,2016],"GeoAreaName":["Albania","Albania","Azerbaijan","Armenia","Armenia","Bosnia and Herzegovina","Belarus","Belarus","Georgia","Kosovo","Kosovo","Kyrgyzstan","Republic of Moldova","Republic of Moldova","Montenegro","Tajikistan","Tajikistan"],"Value":[81.06667,68.9863,51.55556,63.3,57.22222,33.85746,73.8,45.71901,43.7096,61.13333,69.58243,90.76667,56.2,60.43758,62.53968,73.66667,73.66667]}