{"Year":[2016,2018,2018,2016,2018,2018,2016,2018,2018,2016,2018,2016,2016,2018,2018,2016,2016],"GeoAreaName":["Albania","Albania","Azerbaijan","Armenia","Armenia","Bosnia and Herzegovina","Belarus","Belarus","Georgia","Kosovo","Kosovo","Kyrgyzstan","Republic of Moldova","Republic of Moldova","Montenegro","Tajikistan","Tajikistan"],"Value":[74.5,50.49388,23.94872,59.6,34.30555,25.24998,55.5,23.82206,30.38907,41.0,60.66714,88.1,39.2,33.76568,66.66667,78.1,78.1]}