{"Year":[2016,2017,2018,2019,2016,2017,2018,2019,2017,2016,2017,2018,2019,2016,2017,2018,2019,2016,2017,2018,2019,2016,2016,2017,2018,2019,2017,2018,2016,2017,2018,2019,2016,2017,2018,2019,2016,2017,2018,2019,2016,2017,2018,2019,2016,2017,2018,2019,2019,2016,2017,2018,2019,2016,2017,2018,2019,2016,2017,2018,2019,2016,2017,2018,2019,2016,2017,2018,2019,2016,2017,2018,2019,2019],"GeoAreaName":["Albania","Albania","Albania","Albania","Azerbaijan","Azerbaijan","Azerbaijan","Azerbaijan","Austria","Armenia","Armenia","Armenia","Armenia","Bosnia and Herzegovina","Bosnia and Herzegovina","Bosnia and Herzegovina","Bosnia and Herzegovina","Belarus","Belarus","Belarus","Belarus","Cyprus","Georgia","Georgia","Georgia","Georgia","Greece","Greece","Kazakhstan","Kazakhstan","Kazakhstan","Kazakhstan","Kyrgyzstan","Kyrgyzstan","Kyrgyzstan","Kyrgyzstan","Republic of Moldova","Republic of Moldova","Republic of Moldova","Republic of Moldova","Montenegro","Montenegro","Montenegro","Montenegro","Serbia","Serbia","Serbia","Serbia","Slovenia","Tajikistan","Tajikistan","Tajikistan","Tajikistan","T\u00fcrkiye","T\u00fcrkiye","T\u00fcrkiye","T\u00fcrkiye","Turkmenistan","Turkmenistan","Turkmenistan","Turkmenistan","Ukraine","Ukraine","Ukraine","Ukraine","North Macedonia","North Macedonia","North Macedonia","North Macedonia","Uzbekistan","Uzbekistan","Uzbekistan","Uzbekistan","Uzbekistan"],"Value":[1596764.04055,636211.23441,2842501.9882800002,1017387.268,742952.07296,130398.89503,1025311.41629,905399.21,4567.62295,270595.9,87292.02459,427350.04821,542641.807,102139.10301,187146.265,1058136.2198999999,5207486.1900000004,4290.31,54001.02459,70238.0,48086.67,15398.3316,21428.57143,151608.537,558963.3663399999,390208.767,105594.2623,41784.10206,251249.66933,261041.96557,254036.66896,126269.7,906109.63891,3721819.0942600002,592762.05609,72579.958,418069.41828,312293.33443,214813.8718,221943.391,28327.29683,214084.7111,291751.53487,225449.91,109248.57239,251442.3811,45730282.7850200012,1945381.3759999999,8237.0,798208.84809,2180621.0442599999,723943.64697,323965.5,883221.83404,456218.6322,355936.50804,1102166.6680000001,68993.2,121867.83115,105531.61,145899.6,173366.17,3678008.6426599999,363845.7478,638360.409,61996.06732,143058.5623,445796.96404,1752591.0,46785.12503,120282.5898,413643.9927,606311.45,606311.45]}