{"data":{"Year":[2019,2020,2021,2019,2018,2019,2020,2019,2020,2017,2018,2019,2020,2018,2019,2020,2020,2021,2020,2020,2021,2020,2020,2020,2021,2017,2018,2019,2020,2018,2019,2020,2021,2018,2019,2020,2020],"GeoAreaName":["Bosnia and Herzegovina","Bosnia and Herzegovina","Bosnia and Herzegovina","Belarus","Czechia","Czechia","Czechia","Denmark","Denmark","Finland","Finland","Finland","Finland","France","France","France","Georgia","Georgia","Greece","Luxembourg","Luxembourg","Malta","Netherlands","Norway","Norway","Spain","Spain","Spain","Spain","Sweden","Sweden","Sweden","Sweden","Switzerland","Switzerland","Switzerland","Switzerland"],"Level_of_government":["_T","_T","_T","_T","_T","_T","_T","_T","_T","_T","_T","_T","_T","_T","_T","_T","_T","_T","_T","_T","_T","_T","_T","_T","_T","_T","_T","_T","_T","_T","_T","_T","_T","_T","_T","_T","_T"],"Value":[48.91657,46.65249,49.27899,72.1187,175.71341,169.97732,160.64985,165.73666,152.75541,194.54051,194.99073,186.78469,208.00654,89.63983,102.00467,110.67548,8.67626,4.51852,10.75492,177.84884,188.71464,231.63667,72.45453,23.75277,22.56032,61.6145,63.94991,69.13332,57.80195,69.09311,66.13996,68.9058,69.98344,110.15043,116.52291,104.8226,104.8226]},"edges":{"From":["GeoAreaName"],"To":["Level_of_government"]}}