{"data":{"Year":[2018,2016,2018,2017,2015,2016,2017,2018,2019,2016,2015,2016,2017,2018,2019,2020,2015,2016,2019,2015,2016,2017,2018,2020,2017,2018,2015,2016,2017,2018,2019,2020,2017,2017,2018,2015,2016,2017,2018,2019,2020,2019,2020,2015,2016,2017,2018,2019,2015,2016,2017,2018,2019,2020,2018,2015,2016,2017,2018,2019,2015,2016,2017,2018,2019,2015,2019,2015,2018,2019,2015,2016,2017,2018,2019,2015,2016,2017,2018,2016,2017,2018,2015,2016,2017,2018,2019,2020,2015,2016,2017,2018,2016,2016,2017,2018,2015,2016,2017,2018,2019,2020,2015,2016,2017,2018,2015,2017,2018,2016,2017,2018,2019,2020,2017,2018,2020,2020],"GeoAreaName":["Albania","Azerbaijan","Azerbaijan","Austria","Belgium","Belgium","Belgium","Belgium","Belgium","Bosnia and Herzegovina","Bulgaria","Bulgaria","Bulgaria","Bulgaria","Bulgaria","Bulgaria","Croatia","Croatia","Croatia","Cyprus","Cyprus","Cyprus","Cyprus","Cyprus","Czechia","Czechia","Denmark","Denmark","Denmark","Denmark","Denmark","Denmark","Estonia","Finland","Finland","France","France","France","France","France","France","Georgia","Georgia","Germany","Germany","Germany","Germany","Germany","Greece","Greece","Greece","Greece","Greece","Greece","Iceland","Ireland","Ireland","Ireland","Ireland","Ireland","Italy","Italy","Italy","Italy","Italy","Kazakhstan","Luxembourg","Malta","Malta","Montenegro","Netherlands","Netherlands","Netherlands","Netherlands","Netherlands","Norway","Norway","Norway","Norway","Poland","Poland","Poland","Portugal","Portugal","Portugal","Portugal","Portugal","Portugal","Romania","Romania","Romania","Romania","Serbia","Slovenia","Slovenia","Slovenia","Spain","Spain","Spain","Spain","Spain","Spain","Sweden","Sweden","Sweden","Sweden","Switzerland","Switzerland","Switzerland","T\u00fcrkiye","T\u00fcrkiye","T\u00fcrkiye","T\u00fcrkiye","T\u00fcrkiye","Ukraine","Ukraine","Ukraine","Ukraine"],"Value":[1284796.57388,59891.14784,249168.91913,148482.89219,15202898.5507200006,270451.19829,227315.7795,19152.14877,664536.06302,1428110.8962000001,231936.16777,192461.60481,2292929.29293,2618935.7146600001,2589610.38961,2159090.9090900002,45382352.9411799982,429251.94996,55349.64755,380499.54073,1230419.6304500001,4879745.06752,4901153.75067,18794701.9867499992,137315.48232,10974.29819,128985.92359,196138.69634,63904.508,208070.59563,249039.03227,197792.00181,1058452.27834,21726.14198,165213.40064,6693828.6809,4550832.60298,190684.02096,1066566.297,1329665.97171,604617.33712,986890.02185,10828451.8828500006,101061.41271,2106574.12004,43348.02807,386138.57233,16955.89767,2866050.8083100002,1806334.98813,1039324.51381,1432934.9427799999,15157.55481,72013.74065,475911.32777,16667.26582,123358.93788,293876.976,23511.99242,440.02019,9195292.29177,7008115.8887,2331030.11332,697753.07807,211600.62612,11448.52457,476000.0,1205128.2051299999,5260.83205,1314960.62992,3870848.7084900001,45603.44172,52216.88298,103847.15119,7550.31671,325769.85413,277099.38005,284724.59209,94811.07493,850499.59223,207789.30165,732812.35747,3096129.8377,1237299.78309,257362.42715,1537330.34451,160505.70677,10294.42042,146057.26936,2776233.1928699999,13410071.94245,719424.71591,13151162.7906999998,1833145.6953100001,1491842.2274199999,3883.49515,1531320.5496400001,4088205.8897299999,2193543.0188799999,1436452.3486200001,1257716.46844,246331.66396,7623.59593,22391.08449,17226.29232,6489.05665,5934497.8165899999,1317599.9219,123206.10358,2511674.6179999998,5753342.9437800003,451998.62099,183296.49942,12193.73405,11371.68323,1229709.4598399999,1421200.3258799999,1421200.3258799999]},"edges":[]}