{"data":{"Year":[2011,2013,2015,2017,2019,2011,2013,2015,2017,2011,2013,2015,2017,2011,2018,2013,2015,2017,2019,2011,2013,2015,2017,2019,2011,2013,2015,2017,2011,2013,2015,2011,2013,2015,2017,2019,2017,2019,2011,2013,2015,2017,2018,2011,2013,2011,2013,2015,2017,2019,2011,2013,2015,2017,2019,2011,2013,2015,2017,2011,2013,2015,2011,2013,2015,2017,2017,2011,2013,2011,2013,2015,2017,2019,2015,2017,2011,2013,2011,2013,2015,2017,2019,2015,2017,2019,2011,2011,2013,2015,2017,2013,2015,2017,2019,2011,2013,2015,2017,2018,2019,2011,2013,2015,2017,2019,2011,2013,2015,2017,2019,2011,2011,2013,2015,2017,2013,2015,2017,2019,2019,2019],"GeoAreaName":["Bulgaria","Bulgaria","Bulgaria","Bulgaria","Bulgaria","Latvia","Latvia","Latvia","Latvia","Sweden","Sweden","Sweden","Sweden","Croatia","Sweden","Croatia","Croatia","Croatia","Croatia","Lithuania","Lithuania","Lithuania","Lithuania","Lithuania","Cyprus","Cyprus","Cyprus","Cyprus","Malta","Malta","Malta","Denmark","Denmark","Denmark","Denmark","Denmark","Malta","Malta","Estonia","Estonia","Estonia","Estonia","Estonia","Montenegro","Montenegro","Finland","Finland","Finland","Finland","Finland","Netherlands","Netherlands","Netherlands","Netherlands","Netherlands","France","France","France","France","Georgia","Georgia","Georgia","Norway","Norway","Norway","Norway","Georgia","Germany","Germany","Poland","Poland","Poland","Poland","Poland","Germany","Germany","Portugal","Portugal","Greece","Greece","Greece","Greece","Greece","Portugal","Portugal","Portugal","Romania","Iceland","Iceland","Iceland","Iceland","Romania","Romania","Romania","Romania","Ireland","Ireland","Ireland","Ireland","Ireland","Ireland","Italy","Italy","Italy","Italy","Italy","Slovenia","Slovenia","Slovenia","Slovenia","Slovenia","Spain","Belgium","Belgium","Belgium","Belgium","Spain","Spain","Spain","Spain","Belgium","Belgium"],"Value":[0.0074843581,0.0063273604,0.0068382741,0.0058111987,0.0055289084,0.0794567156,0.0586891109,0.08652,0.08849,0.0238086755,0.0183376583,0.0186185132,0.0208839392,0.0815926173,0.01695,0.0820642504,0.0740737591,0.0766346315,0.0699903153,0.0331432295,0.039490613,0.0320244918,0.0456376531,0.0452500231,0.0138774469,0.011392531,0.0121555899,0.0118343535,0.0599359594,0.0293769135,0.0342418776,0.083642584,0.0775667917,0.0863658923,0.0874635757,0.0655351338,0.007964315,0.0028670012,0.1591854395,0.1236698384,0.1485028978,0.0863413452,0.10527,0.0029980917,0.0000760758,0.0400957946,0.0364032109,0.0297676245,0.0359479324,0.0317169481,0.0275914381,0.0226731398,0.025481462,0.0300074489,0.0254938621,0.0197431283,0.0152546122,0.016532349,0.0195751732,0.0180113537,0.0153994536,0.012387146,0.3860523138,0.344842329,0.3699984444,0.6293970846,0.0155570681,0.0051957094,0.005093808,0.0077584495,0.0082842044,0.0101997536,0.0108681318,0.0082476526,0.0045221041,0.0049962569,0.1263759552,0.1209537053,0.0597739874,0.050176839,0.0455748244,0.0471703441,0.0451140025,0.1026895862,0.1174130149,0.1148063233,0.0009244139,4.7262606767,3.7401025343,3.1575723217,2.2115173023,0.0018097103,0.0085493375,0.0127738939,0.0094696084,0.0574398403,0.0539715726,0.0351966753,0.0349645122,0.02879,0.0289628625,0.0214067546,0.0127515597,0.013355317,0.0112016831,0.0094024847,0.0016735441,0.0008066829,0.0005319735,0.0003290976,0.0002142657,0.0617492295,0.0100660757,0.0084150333,0.0087431365,0.0091512773,0.0628380705,0.060936365,0.0676320262,0.0479843045,0.0069196011,0.0069196011]},"edges":[]}