{"data":{"Year":[2016,2018,2016,2018,2016,2018,2016,2018,2016,2018,2016,2018,2016,2018,2016,2018,2016,2018,2016,2018,2016,2018,2016,2018,2016,2018,2016,2018,2016,2016,2016,2018,2016,2018,2016,2018,2016,2018,2016,2016],"GeoAreaName":["Austria","Austria","Belgium","Belgium","Czechia","Czechia","Denmark","Denmark","Finland","Finland","France","France","Germany","Germany","Iceland","Iceland","Ireland","Ireland","Italy","Italy","Luxembourg","Luxembourg","Netherlands","Netherlands","Norway","Norway","Portugal","Portugal","Romania","Slovakia","Slovenia","Slovenia","Spain","Spain","Sweden","Sweden","Switzerland","Switzerland","T\u00fcrkiye","T\u00fcrkiye"],"Value":[70.3,41.72078,68.1,25.83096,44.4,43.05556,32.7,31.06165,37.5,73.125,35.7,41.84451,50.9,40.35148,100.0,100.0,50.2,44.57774,43.0,54.11483,92.0,24.90325,60.1,44.77785,55.0,52.07792,92.3,22.85714,0.0,0.0,0.0,6.25,79.7,32.59912,34.3,50.86589,34.3,44.88643,0.0,0.0]},"edges":[]}