{"Year":[2018,2018,2018,2018,2018,2018,2018,2018,2018,2018,2018,2018,2018,2018,2018,2018,2018,2018,2018,2018],"GeoAreaName":["Estonia","Finland","Georgia","Ireland","Italy","Kazakhstan","Latvia","Poland","Portugal","Romania","Slovenia","Spain","Sweden","T\u00fcrkiye","Ukraine","Albania","Belgium","Bulgaria","Croatia","Cyprus"],"Value":[87.5,80.0,100.0,50.0,14.28571,85.18519,100.0,60.0,85.71429,100.0,0.0,72.72727,69.23077,16.66667,63.63636,14.28571,84.61538,16.66667,20.0,87.5]}