{"Year":[2021,2022,2023,2021,2022,2023,2021,2022,2023,2021,2022,2023,2021,2022,2023,2021,2022,2023,2022,2023,2021,2022,2023,2021,2022,2023,2022,2023,2021,2022,2023,2021,2022,2023,2021,2022,2023,2022,2023,2021,2022,2023,2021,2022,2023,2022,2023,2022,2023,2023],"GeoAreaName":["Austria","Austria","Austria","Belgium","Belgium","Belgium","Bosnia and Herzegovina","Bosnia and Herzegovina","Bosnia and Herzegovina","Belarus","Belarus","Belarus","Czechia","Czechia","Czechia","France","France","France","Germany","Germany","Ireland","Ireland","Ireland","Italy","Italy","Italy","Kazakhstan","Kazakhstan","Netherlands","Netherlands","Netherlands","Poland","Poland","Poland","Romania","Romania","Romania","Slovenia","Slovenia","Spain","Spain","Spain","Switzerland","Switzerland","Switzerland","Tajikistan","Tajikistan","Uzbekistan","Uzbekistan","Uzbekistan"],"Age":["<=45Y","<=45Y","<=45Y","<=45Y","<=45Y","<=45Y","<=45Y","<=45Y","<=45Y","<=45Y","<=45Y","<=45Y","<=45Y","<=45Y","<=45Y","<=45Y","<=45Y","<=45Y","<=45Y","<=45Y","<=45Y","<=45Y","<=45Y","<=45Y","<=45Y","<=45Y","<=45Y","<=45Y","<=45Y","<=45Y","<=45Y","<=45Y","<=45Y","<=45Y","<=45Y","<=45Y","<=45Y","<=45Y","<=45Y","<=45Y","<=45Y","<=45Y","<=45Y","<=45Y","<=45Y","<=45Y","<=45Y","<=45Y","<=45Y","<=45Y"],"Value":[0.60499,0.71847,0.72475,1.1019,1.1019,1.09669,0.15098,0.15098,0.14987,0.45429,0.45429,0.45415,0.26375,0.26375,0.47841,0.19574,0.19574,0.19783,0.3245,0.32415,0.57233,0.57233,0.57645,1.92532,1.92532,0.65373,0.0454,0.04555,0.28503,0.28503,0.27884,0.24528,0.24528,0.24473,1.19275,1.19275,1.16295,0.11965,0.47149,0.53319,0.53319,0.53376,0.39632,0.39632,0.39252,0.53168,0.52251,0.27754,0.27902,0.27902]}