{"Year":[2016,2018,2016,2018,2016,2018,2016,2018,2016,2018,2016,2018,2016,2018,2016,2018,2016,2018,2016,2018,2016,2018,2016,2018,2016,2018,2016,2018,2016,2016,2016,2018,2016,2018,2016,2018,2016,2018,2016,2016],"GeoAreaName":["Austria","Austria","Belgium","Belgium","Czechia","Czechia","Denmark","Denmark","Finland","Finland","France","France","Germany","Germany","Iceland","Iceland","Ireland","Ireland","Italy","Italy","Luxembourg","Luxembourg","Netherlands","Netherlands","Norway","Norway","Portugal","Portugal","Romania","Slovakia","Slovenia","Slovenia","Spain","Spain","Sweden","Sweden","Switzerland","Switzerland","T\u00fcrkiye","T\u00fcrkiye"],"Value":[83.8,61.20963,77.7,32.11534,61.1,52.77778,56.4,47.92999,67.0,79.58333,60.0,59.63295,62.8,65.67757,100.0,100.0,68.8,54.50227,60.4,68.45231,95.9,43.5511,63.8,55.65616,61.4,61.95815,73.4,49.54906,33.3,50.0,33.3,20.83333,89.6,63.88502,54.4,57.48915,51.3,59.51248,0.0,0.0]}