{"Year":[2016,2018,2018,2016,2018,2018,2016,2018,2018,2016,2018,2016,2016,2018,2018,2016,2016],"GeoAreaName":["Albania","Albania","Azerbaijan","Armenia","Armenia","Bosnia and Herzegovina","Belarus","Belarus","Georgia","Kosovo","Kosovo","Kyrgyzstan","Republic of Moldova","Republic of Moldova","Montenegro","Tajikistan","Tajikistan"],"Value":[79.5,80.70176,90.0,91.1,100.0,53.42466,100.0,86.95652,60.49383,91.7,84.61539,94.3,83.9,94.28571,100.0,66.7,66.7]}