{"Year":[2012,2012,2012,2012,2012,2012,2012,2012,2012,2012,2012,2012,2012,2012,2012,2012,2012,2012,2015,2015,2017,2017,2012,2012,2012,2012,2017,2017,2015,2015,2012,2012,2012,2012,2012,2012,2012,2012,2015,2015,2012,2012,2012,2012,2015,2015,2015],"GeoAreaName":["Austria","Austria","Belgium","Belgium","Cyprus","Cyprus","Czechia","Czechia","Denmark","Denmark","Estonia","Estonia","Finland","Finland","France","France","Germany","Germany","Greece","Greece","Hungary","Hungary","Ireland","Ireland","Italy","Italy","Kazakhstan","Kazakhstan","Lithuania","Lithuania","Netherlands","Netherlands","Norway","Norway","Poland","Poland","Slovakia","Slovakia","Slovenia","Slovenia","Spain","Spain","Sweden","Sweden","T\u00fcrkiye","T\u00fcrkiye","T\u00fcrkiye"],"Age":["16-65","16-65","16-65","16-65","16-65","16-65","16-65","16-65","16-65","16-65","16-65","16-65","16-65","16-65","16-65","16-65","16-65","16-65","16-65","16-65","16-65","16-65","16-65","16-65","16-65","16-65","16-65","16-65","16-65","16-65","16-65","16-65","16-65","16-65","16-65","16-65","16-65","16-65","16-65","16-65","16-65","16-65","16-65","16-65","16-65","16-65","16-65"],"Type of skill":["NUME","LITE","LITE","NUME","NUME","LITE","NUME","LITE","LITE","NUME","LITE","NUME","NUME","LITE","NUME","LITE","LITE","NUME","LITE","NUME","LITE","NUME","NUME","LITE","LITE","NUME","NUME","LITE","LITE","NUME","NUME","LITE","LITE","NUME","NUME","LITE","LITE","NUME","NUME","LITE","LITE","NUME","LITE","NUME","NUME","LITE","LITE"],"Value":[0.81646,0.78404,0.84908,0.85629,0.83219,0.89452,0.73423,0.80484,0.80032,0.84148,0.87278,0.86314,0.87318,0.87164,0.66248,0.7269,0.66583,0.63954,0.75947,0.77301,0.65413,0.672,0.75263,0.81208,0.74607,0.71319,0.77269,0.79664,0.82705,0.77221,0.84289,0.84628,0.83659,0.82809,0.68911,0.72333,0.78547,0.73057,0.62518,0.65409,0.74056,0.71095,0.85152,0.86167,0.55366,0.59417,0.59417]}