{"Year":[2012,2012,2012,2012,2012,2012,2012,2012,2012,2012,2012,2012,2012,2012,2012,2012,2012,2012,2015,2015,2017,2017,2012,2012,2012,2012,2017,2017,2015,2015,2012,2012,2012,2012,2012,2012,2015,2015,2012,2012,2012,2012,2012],"GeoAreaName":["Austria","Austria","Belgium","Belgium","Cyprus","Cyprus","Czechia","Czechia","Denmark","Denmark","Estonia","Estonia","Finland","Finland","France","France","Germany","Germany","Greece","Greece","Hungary","Hungary","Ireland","Ireland","Italy","Italy","Kazakhstan","Kazakhstan","Lithuania","Lithuania","Netherlands","Netherlands","Norway","Norway","Slovakia","Slovakia","Slovenia","Slovenia","Spain","Spain","Sweden","Sweden","Sweden"],"Age":["16-65","16-65","16-65","16-65","16-65","16-65","16-65","16-65","16-65","16-65","16-65","16-65","16-65","16-65","16-65","16-65","16-65","16-65","16-65","16-65","16-65","16-65","16-65","16-65","16-65","16-65","16-65","16-65","16-65","16-65","16-65","16-65","16-65","16-65","16-65","16-65","16-65","16-65","16-65","16-65","16-65","16-65","16-65"],"Type of skill":["LITE","NUME","NUME","LITE","NUME","LITE","LITE","NUME","NUME","LITE","NUME","LITE","LITE","NUME","NUME","LITE","LITE","NUME","NUME","LITE","NUME","LITE","NUME","LITE","LITE","NUME","LITE","NUME","NUME","LITE","NUME","LITE","LITE","NUME","LITE","NUME","NUME","LITE","LITE","NUME","NUME","LITE","LITE"],"Value":[0.7676,0.76559,0.76798,0.71704,0.96282,0.9027,0.93911,0.89655,0.73527,0.70278,0.9087,0.8655,0.68468,0.67272,0.62016,0.68977,0.71627,0.70824,0.97385,0.93667,1.04718,1.06388,1.03248,0.97201,0.77817,0.84878,0.95375,1.05601,0.93376,0.90811,0.68325,0.69596,0.71197,0.67671,0.97845,0.93639,0.67954,0.7442,0.77081,0.77117,0.63196,0.62251,0.62251]}