{"Year":[2020,2022,2020,2022,2020,2022,2020,2022,2020,2022,2020,2022,2020,2022,2020,2022,2020,2022,2020,2022,2020,2022,2020,2022,2020,2022,2020,2022,2020,2022,2020,2022,2020,2022,2020,2022,2020,2022,2020,2022,2020,2022,2020,2022,2020,2022,2020,2022,2020,2022,2020,2020,2022,2020,2022,2020,2022,2020,2022,2020,2022,2020,2022,2020,2022,2020,2022,2020,2022,2020,2022,2020,2022,2020,2022,2020,2022,2020,2022,2020,2022,2020,2022,2020,2022,2020,2022,2020,2022,2020,2020],"GeoAreaName":["Albania","Albania","Azerbaijan","Azerbaijan","Austria","Austria","Armenia","Armenia","Belgium","Belgium","Bosnia and Herzegovina","Bosnia and Herzegovina","Bulgaria","Bulgaria","Belarus","Belarus","Croatia","Croatia","Cyprus","Cyprus","Czechia","Czechia","Denmark","Denmark","Estonia","Estonia","Finland","Finland","France","France","Georgia","Georgia","Germany","Germany","Greece","Greece","Hungary","Hungary","Iceland","Iceland","Ireland","Ireland","Italy","Italy","Kazakhstan","Kazakhstan","Kyrgyzstan","Kyrgyzstan","Latvia","Latvia","Liechtenstein","Lithuania","Lithuania","Luxembourg","Luxembourg","Malta","Malta","Republic of Moldova","Republic of Moldova","Montenegro","Montenegro","Netherlands","Netherlands","Norway","Norway","Poland","Poland","Portugal","Portugal","Romania","Romania","Serbia","Serbia","Slovakia","Slovakia","Slovenia","Slovenia","Spain","Spain","Sweden","Sweden","Switzerland","Switzerland","T\u00fcrkiye","T\u00fcrkiye","Ukraine","Ukraine","North Macedonia","North Macedonia","Uzbekistan","Uzbekistan"],"Value":[13.35422,19.46666,57.39653,41.33969,98.59576,98.20522,40.08308,0.5625,91.7866,85.0678,46.79664,65.30532,79.19239,72.08777,56.47111,80.31443,60.32014,33.97195,67.18718,72.63456,90.12544,91.28708,95.94201,98.79153,91.06382,92.2791,92.28329,89.73807,92.50121,87.94422,45.9906,48.76445,99.26206,98.96163,92.65101,89.68182,89.56422,82.0525,73.46891,3.04609,83.41705,51.86489,94.74056,70.22107,35.66982,36.33564,18.89341,19.00883,93.14523,87.42036,98.1156,93.35281,96.75081,96.34825,98.63204,15.35631,1.07696,38.49442,46.1607,45.0727,55.27942,99.81056,99.79,75.65636,75.81466,81.85183,77.37506,73.58287,87.51369,48.32247,30.08521,27.05284,36.47714,79.78519,81.97028,67.20513,65.22262,86.01582,79.90253,95.2005,96.98074,99.20436,99.29131,63.32585,64.67512,34.28519,50.23122,9.12154,4.86253,32.266,32.266]}