{"data":{"Year":[2016,2018,2018,2016,2018,2018,2016,2018,2018,2016,2018,2016,2016,2018,2018,2016,2016],"GeoAreaName":["Albania","Albania","Azerbaijan","Armenia","Armenia","Bosnia and Herzegovina","Belarus","Belarus","Georgia","Kosovo","Kosovo","Kyrgyzstan","Republic of Moldova","Republic of Moldova","Montenegro","Tajikistan","Tajikistan"],"Value":[89.2,75.76326,40.71795,39.2,37.36111,22.89773,65.9,26.37845,40.24592,50.7,63.46476,89.9,45.5,53.26135,20.95238,76.2,76.2]},"edges":[]}