{"data":{"Year":[2018,2019,2020,2021,2018,2019,2020,2021,2018,2019,2020,2021,2018,2019,2020,2021,2018,2019,2020,2021,2018,2019,2020,2021,2018,2019,2020,2021,2018,2019,2020,2021,2018,2019,2020,2021,2018,2019,2020,2021,2018,2019,2020,2021,2018,2019,2020,2021,2018,2019,2020,2021,2018,2019,2020,2021,2018,2019,2020,2021,2018,2019,2020,2021,2018,2019,2020,2021,2018,2019,2020,2021,2018,2019,2020,2021,2018,2019,2020,2021,2018,2019,2020,2021,2018,2019,2020,2021,2021],"GeoAreaName":["Austria","Austria","Austria","Austria","Belgium","Belgium","Belgium","Belgium","Czechia","Czechia","Czechia","Czechia","Denmark","Denmark","Denmark","Denmark","Finland","Finland","Finland","Finland","France","France","France","France","Germany","Germany","Germany","Germany","Greece","Greece","Greece","Greece","Hungary","Hungary","Hungary","Hungary","Iceland","Iceland","Iceland","Iceland","Ireland","Ireland","Ireland","Ireland","Italy","Italy","Italy","Italy","Luxembourg","Luxembourg","Luxembourg","Luxembourg","Netherlands","Netherlands","Netherlands","Netherlands","Norway","Norway","Norway","Norway","Poland","Poland","Poland","Poland","Portugal","Portugal","Portugal","Portugal","Slovakia","Slovakia","Slovakia","Slovakia","Slovenia","Slovenia","Slovenia","Slovenia","Spain","Spain","Spain","Spain","Sweden","Sweden","Sweden","Sweden","Switzerland","Switzerland","Switzerland","Switzerland","Switzerland"],"Value":[0.25782,0.27582,0.29641,0.30689,0.43024,0.40918,0.47831,0.46171,0.13181,0.13133,0.12634,0.13323,0.71848,0.71687,0.71961,0.70368,0.35896,0.41688,0.46764,0.47203,0.42749,0.44106,0.52986,0.51807,0.61191,0.61151,0.73348,0.74093,0.13323,0.17516,0.17628,0.12169,0.2091,0.21259,0.27082,0.28746,0.28493,0.24869,0.2688,0.27754,0.31434,0.31567,0.30549,0.31469,0.24862,0.21856,0.22341,0.28201,0.98382,1.03401,1.03045,0.98697,0.6193,0.58682,0.59235,0.52366,0.94077,1.0261,1.10909,0.92624,0.13598,0.13865,0.14363,0.14794,0.17743,0.1719,0.18403,0.18207,0.1314,0.11145,0.1377,0.13297,0.15605,0.16538,0.17432,0.18846,0.20275,0.2089,0.23261,0.25011,1.07187,0.9562,1.13891,0.91731,0.43855,0.4208,0.49132,0.50692,0.50692]},"edges":[]}