{"data":{"Year":[2019,2019,2019,2019,2019,2019,2019,2019,2019,2019,2019,2019,2019,2019,2019,2019,2019,2019,2019,2019,2019,2019,2019,2019,2019,2019,2019,2019,2019,2019,2019,2019,2019,2019,2019,2019,2019,2019,2019,2019,2019,2019,2019,2019,2019,2019,2019,2019],"GeoAreaName":["Albania","Azerbaijan","Austria","Armenia","Belgium","Bosnia and Herzegovina","Bulgaria","Belarus","Croatia","Cyprus","Czechia","Denmark","Estonia","Finland","France","Georgia","Germany","Greece","Hungary","Iceland","Ireland","Italy","Kazakhstan","Kyrgyzstan","Latvia","Lithuania","Luxembourg","Malta","Republic of Moldova","Montenegro","Netherlands","Norway","Poland","Portugal","Romania","Serbia","Slovakia","Slovenia","Spain","Sweden","Switzerland","Tajikistan","T\u00fcrkiye","Turkmenistan","Ukraine","North Macedonia","Uzbekistan","Uzbekistan"],"Age":[null,null,null,null,null,null,null,null,null,null,null,null,null,null,null,null,null,null,null,null,null,null,null,null,null,null,null,null,null,null,null,null,null,null,null,null,null,null,null,null,null,null,null,null,null,null,null,null],"Sex":[null,null,null,null,null,null,null,null,null,null,null,null,null,null,null,null,null,null,null,null,null,null,null,null,null,null,null,null,null,null,null,null,null,null,null,null,null,null,null,null,null,null,null,null,null,null,null,null],"Value":[3.22905,3.63793,1.98124,5.8323,5.31389,1.93309,2.89465,1.62349,2.68612,1.6013,4.07404,4.13999,2.5888,0.79283,3.37249,3.34649,3.1701,7.62636,2.01519,2.3627,2.70668,3.00942,3.22385,2.31012,2.63137,2.60711,1.88336,4.586,3.56871,1.82606,3.36827,3.60729,5.3972,6.75577,7.20148,3.86262,3.61629,1.90312,3.17336,3.03952,2.53251,9.00041,2.47572,5.65504,2.3391,1.04409,2.90016,2.90016]},"edges":[]}