{"data":{"Year":[2012,2012,2012,2012,2012,2012,2012,2012,2012,2012,2012,2012,2012,2012,2012,2012,2012,2015,2015,2017,2017,2012,2012,2012,2012,2017,2017,2015,2015,2012,2012,2012,2012,2012,2012,2012,2012,2015,2015,2012,2012,2012,2012,2015,2015,2012,2012],"GeoAreaName":["Austria","Belgium","Belgium","Cyprus","Cyprus","Czechia","Czechia","Denmark","Denmark","Estonia","Estonia","Finland","Finland","France","France","Germany","Germany","Greece","Greece","Hungary","Hungary","Ireland","Ireland","Italy","Italy","Kazakhstan","Kazakhstan","Lithuania","Lithuania","Netherlands","Netherlands","Norway","Norway","Poland","Poland","Slovakia","Slovakia","Slovenia","Slovenia","Spain","Spain","Sweden","Sweden","T\u00fcrkiye","T\u00fcrkiye","Austria","Austria"],"Age":["16-65","16-65","16-65","16-65","16-65","16-65","16-65","16-65","16-65","16-65","16-65","16-65","16-65","16-65","16-65","16-65","16-65","16-65","16-65","16-65","16-65","16-65","16-65","16-65","16-65","16-65","16-65","16-65","16-65","16-65","16-65","16-65","16-65","16-65","16-65","16-65","16-65","16-65","16-65","16-65","16-65","16-65","16-65","16-65","16-65","16-65","16-65"],"Type of skill":["LITE","LITE","NUME","NUME","LITE","LITE","NUME","NUME","LITE","NUME","LITE","LITE","NUME","LITE","NUME","NUME","LITE","NUME","LITE","NUME","LITE","NUME","LITE","LITE","NUME","NUME","LITE","NUME","LITE","LITE","NUME","LITE","NUME","LITE","NUME","NUME","LITE","LITE","NUME","NUME","LITE","LITE","NUME","NUME","LITE","NUME","NUME"],"Value":[0.9866,0.97875,0.94306,0.94667,1.01454,0.98786,0.95616,0.97466,1.03161,0.97865,1.01309,1.01972,0.97785,1.01805,0.9406,0.90869,0.97439,0.94359,1.05082,1.01075,1.03856,0.91522,1.00597,1.03617,0.91755,1.00826,1.02681,0.99428,1.02343,0.98234,0.94548,0.9972,0.95103,1.06091,1.00958,1.00077,1.00596,1.01926,0.97625,0.90183,0.96748,0.98382,0.9487,0.68105,0.84474,0.95141,0.95141]},"edges":{"From":["GeoAreaName","Age"],"To":["Age","Type of skill"]}}