{"data":{"Year":[2018,2020,2022,2022,2020,2022,2018,2020,2022,2022,2018,2020,2022,2018,2020,2022,2018,2020,2022,2020,2022,2020,2022,2018,2020,2022,2020,2022,2018,2020,2022,2018,2020,2022,2022,2018,2020,2022,2018,2020,2022,2020,2022,2020,2022,2020,2022,2022,2020,2022,2020,2022,2020,2022,2018,2020,2022,2020,2022,2020,2022,2020,2022,2020,2022,2018,2020,2022,2020,2022,2020,2022,2020,2022,2020,2022,2018,2020,2022,2020,2022,2018,2020,2022,2018,2020,2022,2018,2020,2022,2020,2022,2022,2018,2020,2022,2020,2022,2022,2022],"GeoAreaName":["Albania","Albania","Albania","Azerbaijan","Austria","Austria","Armenia","Armenia","Armenia","Bosnia and Herzegovina","Bulgaria","Bulgaria","Bulgaria","Belarus","Belarus","Belarus","Croatia","Croatia","Croatia","Cyprus","Cyprus","Czechia","Czechia","Denmark","Denmark","Denmark","Estonia","Estonia","Finland","Finland","Finland","France","France","France","Georgia","Germany","Germany","Germany","Greece","Greece","Greece","Hungary","Hungary","Iceland","Iceland","Ireland","Ireland","Italy","Kazakhstan","Kazakhstan","Kyrgyzstan","Kyrgyzstan","Latvia","Latvia","Lithuania","Lithuania","Lithuania","Luxembourg","Luxembourg","Malta","Malta","Republic of Moldova","Republic of Moldova","Montenegro","Montenegro","Netherlands","Netherlands","Netherlands","Norway","Norway","Poland","Poland","Portugal","Portugal","Romania","Romania","Serbia","Serbia","Serbia","Slovakia","Slovakia","Slovenia","Slovenia","Slovenia","Spain","Spain","Spain","Sweden","Sweden","Sweden","Switzerland","Switzerland","T\u00fcrkiye","Ukraine","Ukraine","Ukraine","North Macedonia","North Macedonia","Uzbekistan","Uzbekistan"],"Value":[88.88889,88.88889,88.88889,66.66667,88.88889,88.88889,66.66667,77.77778,77.77778,77.77778,88.88889,88.88889,88.88889,66.66667,66.66667,66.66667,88.88889,88.88889,88.88889,88.88889,88.88889,100.0,100.0,100.0,100.0,100.0,77.77778,77.77778,77.77778,77.77778,77.77778,88.88889,88.88889,88.88889,66.66667,100.0,100.0,100.0,66.66667,77.77778,77.77778,66.66667,66.66667,100.0,100.0,88.88889,88.88889,77.77778,77.77778,77.77778,88.88889,88.88889,77.77778,77.77778,88.88889,88.88889,88.88889,88.88889,88.88889,88.88889,88.88889,77.77778,77.77778,88.88889,88.88889,77.77778,77.77778,77.77778,66.66667,88.88889,88.88889,88.88889,88.88889,88.88889,77.77778,77.77778,55.55556,55.55556,55.55556,88.88889,88.88889,88.88889,88.88889,88.88889,100.0,100.0,100.0,88.88889,100.0,100.0,88.88889,88.88889,88.88889,77.77778,77.77778,77.77778,88.88889,88.88889,66.66667,66.66667]},"edges":[]}