{"Year":[2019,2020,2021,2019,2018,2019,2020,2018,2019,2020,2017,2018,2019,2020,2018,2019,2020,2020,2021,2020,2020,2021,2020,2020,2021,2019,2020,2021,2018,2019,2020,2017,2018,2019,2020,2018,2019,2020,2021,2018,2019,2020,2020],"GeoAreaName":["Bosnia and Herzegovina","Bosnia and Herzegovina","Bosnia and Herzegovina","Belarus","Czechia","Czechia","Czechia","Denmark","Denmark","Denmark","Finland","Finland","Finland","Finland","France","France","France","Georgia","Georgia","Greece","Luxembourg","Luxembourg","Malta","Norway","Norway","Poland","Poland","Poland","Portugal","Portugal","Portugal","Spain","Spain","Spain","Spain","Sweden","Sweden","Sweden","Sweden","Switzerland","Switzerland","Switzerland","Switzerland"],"Level_of_government":["_T","_T","_T","_T","_T","_T","_T","_T","_T","_T","_T","_T","_T","_T","_T","_T","_T","_T","_T","_T","_T","_T","_T","_T","_T","_T","_T","_T","_T","_T","_T","_T","_T","_T","_T","_T","_T","_T","_T","_T","_T","_T","_T"],"Value":[1.2191,3.822,0.72073,0.16701,62.83339,58.07425,42.91929,84.10413,97.76358,93.68757,34.24417,30.07948,35.41422,30.33862,7.96181,9.75722,13.3126,4.2092,2.10713,0.426,3.51348,5.28657,140.40001,1.94013,1.29578,32.78944,31.91514,25.48585,18.67804,19.87684,7.64429,27.66104,30.44706,32.84265,14.77883,23.13189,22.60368,16.68971,21.29711,25.69757,27.20581,13.15573,13.15573]}