{"Year":[2019,2020,2021,2019,2018,2019,2020,2019,2020,2017,2018,2019,2020,2018,2019,2020,2020,2021,2020,2020,2021,2020,2020,2021,2019,2020,2021,2018,2019,2020,2017,2018,2019,2020,2018,2019,2020,2021,2018,2019,2020,2020],"GeoAreaName":["Bosnia and Herzegovina","Bosnia and Herzegovina","Bosnia and Herzegovina","Belarus","Czechia","Czechia","Czechia","Denmark","Denmark","Finland","Finland","Finland","Finland","France","France","France","Georgia","Georgia","Greece","Luxembourg","Luxembourg","Malta","Norway","Norway","Poland","Poland","Poland","Portugal","Portugal","Portugal","Spain","Spain","Spain","Spain","Sweden","Sweden","Sweden","Sweden","Switzerland","Switzerland","Switzerland","Switzerland"],"Level_of_government":["_T","_T","_T","_T","_T","_T","_T","_T","_T","_T","_T","_T","_T","_T","_T","_T","_T","_T","_T","_T","_T","_T","_T","_T","_T","_T","_T","_T","_T","_T","_T","_T","_T","_T","_T","_T","_T","_T","_T","_T","_T","_T"],"Value":[51.59243,49.54558,52.31117,72.66149,175.71341,169.97732,160.64985,217.78765,216.36692,197.06155,201.51146,196.90304,213.8249,116.09027,129.62145,151.77084,8.67626,14.62344,10.75492,205.28742,220.75448,516.64742,23.75277,22.56032,104.38648,99.12304,94.40208,50.50849,51.39418,41.99593,71.19094,74.23995,79.76633,61.71669,108.33964,95.37388,97.73471,130.31396,187.17923,198.18259,195.06636,195.06636]}