{"Year":[2019,2020,2021,2019,2019,2020,2017,2018,2019,2020,2018,2019,2020,2021,2020,2021,2020,2017,2018,2019,2020,2018,2019,2020,2021,2018,2019,2020,2020],"GeoAreaName":["Bosnia and Herzegovina","Bosnia and Herzegovina","Bosnia and Herzegovina","Belarus","Denmark","Denmark","Finland","Finland","Finland","Finland","France","France","France","Georgia","Luxembourg","Luxembourg","Malta","Spain","Spain","Spain","Spain","Sweden","Sweden","Sweden","Sweden","Switzerland","Switzerland","Switzerland","Switzerland"],"Level_of_government":["_T","_T","_T","_T","_T","_T","_T","_T","_T","_T","_T","_T","_T","_T","_T","_T","_T","_T","_T","_T","_T","_T","_T","_T","_T","_T","_T","_T","_T"],"Value":[2.67585,2.89309,3.03219,0.5428,52.051,63.61151,2.52104,6.52073,10.11835,5.81836,26.45044,27.61678,41.09536,10.10492,27.43858,32.03984,144.61074,9.57644,10.29004,10.63301,3.91474,39.24652,29.23392,28.82891,60.33052,77.0288,81.65969,90.24376,90.24376]}