{"Year":[2016,2018,2016,2018,2016,2018,2016,2018,2016,2018,2016,2018,2016,2018,2016,2018,2016,2018,2016,2018,2016,2018,2016,2018,2016,2018,2016,2018,2016,2016,2016,2018,2016,2018,2016,2018,2016,2018,2016,2016],"GeoAreaName":["Austria","Austria","Belgium","Belgium","Czechia","Czechia","Denmark","Denmark","Finland","Finland","France","France","Germany","Germany","Iceland","Iceland","Ireland","Ireland","Italy","Italy","Luxembourg","Luxembourg","Netherlands","Netherlands","Norway","Norway","Portugal","Portugal","Romania","Slovakia","Slovenia","Slovenia","Spain","Spain","Sweden","Sweden","Switzerland","Switzerland","T\u00fcrkiye","T\u00fcrkiye"],"Value":[81.0,91.90809,73.7,30.51505,38.9,43.05556,58.1,32.72832,74.6,65.625,53.8,50.24115,54.7,64.28356,100.0,100.0,65.2,54.82652,54.8,57.39595,95.8,33.52783,57.6,58.36084,59.7,61.79653,27.9,34.88095,0.0,50.0,0.0,6.25,92.5,67.75157,46.9,56.38416,47.3,60.43672,0.0,0.0]}