{"Year":[2017,2015,2017,2016,2016,2016,2015,2015,2015,2016,2016,2017,2017,2016,2016,2016,2017,2017,2015,2015,2015,2015,2016,2016,2016,2016,2015,2016,2017,2017,2017,2017,2017,2017,2016,2016,2015,2015,2016,2017,2015,2015,2016,2016,2017,2017,2016,2017,2015,2016,2017,2015,2015,2016,2017,2017,2016,2016,2017,2017],"GeoAreaName":["Albania","Austria","Austria","Bulgaria","Bulgaria","Bulgaria","Croatia","Cyprus","Cyprus","Cyprus","Cyprus","Cyprus","Cyprus","Czechia","Czechia","Czechia","Czechia","France","Germany","Germany","Germany","Germany","Germany","Germany","Germany","Germany","Greece","Greece","Greece","Italy","Italy","Latvia","Latvia","Latvia","Lithuania","Lithuania","Luxembourg","Malta","Malta","Malta","Portugal","Portugal","Portugal","Portugal","Portugal","Portugal","Romania","Romania","Slovenia","Slovenia","Slovenia","Spain","Spain","Spain","Spain","Spain","Uzbekistan","Uzbekistan","Uzbekistan","Uzbekistan"],"Substance use disorders":["OPIOIDS","OPIOIDS","OPIOIDS","OPIOIDS","ATS","TOTAL","TOTAL","OPIOIDS","ATS","ATS","OPIOIDS","ATS","OPIOIDS","ATS","TOTAL","OPIOIDS","TOTAL","OPIOIDS","ATS","OPIOIDS","COCAINE","TOTAL","TOTAL","COCAINE","OPIOIDS","ATS","OPIOIDS","OPIOIDS","OPIOIDS","OPIOIDS","COCAINE","TOTAL","ATS","OPIOIDS","OPIOIDS","ATS","OPIOIDS","OPIOIDS","OPIOIDS","OPIOIDS","OPIOIDS","COCAINE","COCAINE","OPIOIDS","COCAINE","OPIOIDS","OPIOIDS","OPIOIDS","OPIOIDS","OPIOIDS","OPIOIDS","OPIOIDS","COCAINE","OPIOIDS","OPIOIDS","COCAINE","OPIOIDS","TOTAL","OPIOIDS","OPIOIDS"],"Value":[6.58363,6.50323,4.91233,28.13529,41.31579,30.04211,61.33649,31.43842,7.9646,56.19048,42.72076,38.63636,31.2,58.32676,10.4594,20.272,9.98954,85.71429,20.35652,24.14636,20.91915,22.48049,22.13835,20.81852,23.39725,20.68714,71.56458,68.29554,75.93694,39.19838,28.19695,4.1,6.66965,5.61972,52.7389,2.57196,70.58824,75.87822,74.05281,80.02513,63.81496,3.32268,3.51446,62.70952,3.81812,59.20997,7.40157,8.89688,24.38128,28.68329,25.87728,17.23546,21.35313,17.9144,16.35753,20.58358,20.97786,21.13279,30.91638,30.91638]}