{"Year":[2017,2017,2017,2017,2017,2017,2017,2017,2017,2017,2017,2017,2017,2017,2017,2017,2017,2017,2017,2017,2017,2017,2017,2017,2017,2017,2017,2017,2017,2017,2017,2017,2017,2017,2017,2017,2017,2017,2017,2017,2017,2017,2017,2017,2017,2017],"GeoAreaName":["Albania","Azerbaijan","Austria","Armenia","Belgium","Bosnia and Herzegovina","Bulgaria","Croatia","Cyprus","Czechia","Denmark","Estonia","Finland","France","Georgia","Germany","Greece","Hungary","Iceland","Ireland","Italy","Kazakhstan","Kyrgyzstan","Latvia","Liechtenstein","Lithuania","Luxembourg","Malta","Republic of Moldova","Montenegro","Norway","Poland","Portugal","Romania","Serbia","Slovakia","Slovenia","Spain","Switzerland","Tajikistan","T\u00fcrkiye","Turkmenistan","Ukraine","North Macedonia","Uzbekistan","Uzbekistan"],"Value":[53.47194,423.07867,211.27664,27.30114,55.91849,45.31671,214.79629,186.29869,62.29913,122.17394,391.02087,1888.37351,30358.60591,1800.1583,89.14849,2262.42176,215.80388,649.2202,965.77007,3451.02247,965.79417,20749.25931,328.12245,1809.51507,2.10658,656.65348,0.50884,0.0,181.43864,72.37577,8918.1107,2133.46596,240.61578,3490.21713,134.26205,68.85415,36.35146,1058.22155,137.452,1646.52451,2231.29074,6327.25102,5427.70858,55.17572,7943.72207,7943.72207]}